{
	"description": "项目配置文件",
	"packOptions": {
		"ignore": []
	},
	"setting": {
		"urlCheck": false,
		"es6": true,
		"postcss": true,
		"minified": true,
		"newFeature": true,
		"autoAudits": false,
		"uglifyFileName": true
	},
	"compileType": "miniprogram",
	"libVersion": "2.4.3",
	"appid": "wxacf6179e7d4fc495",
	"projectname": "%2Fmedia%2Fsh%2F%E8%BD%AF%E4%BB%B6%2F%E5%BE%AE%E4%BF%A1%E5%B0%8F%E7%A8%8B%E5%BA%8F%2F%E6%99%BA%E6%85%A7%E5%AE%B6%E5%BA%AD",
	"debugOptions": {
		"hidedInDevtools": []
	},
	"isGameTourist": false,
	"condition": {
		"search": {
			"current": -1,
			"list": []
		},
		"conversation": {
			"current": -1,
			"list": []
		},
		"plugin": {
			"current": -1,
			"list": []
		},
		"game": {
			"currentL": -1,
			"list": []
		},
		"miniprogram": {
			"current": 1,
			"list": [
				{
					"id": -1,
					"name": "登录",
					"pathName": "pages/login/login",
					"query": ""
				},
				{
					"id": -1,
					"name": "数据页面",
					"pathName": "pages/data/data"
				}
			]
		}
	}
}